,ep_team_name,nhl_team_name,roster_team_x,roster_team_y
0,SK Lejon,,,
1,Heilbronner Falken,,,Heilbronner Falken
2,Waterloo Wolves U16 AAA,,,
3,Genève-Servette HC,,,
4,HC Kosice,,,HC Kosice
5,Brampton Beast,,,
6,Phoenix Jr. Coyotes 16U AAA,,,Phoenix Jr. Coyotes 16U AAA
7,Port Huron Icehawks,,,
8,Toronto Titans U18 AAA,,,
9,IF Sundsvall Hockey,,,IF Sundsvall Hockey
10,Pittsburgh Penguins,,,Pittsburgh Penguins
11,KooKoo,,,KooKoo
12,Dübendorf U15,,,Dübendorf U15
13,Grizzlys Wolfsburg,,,Grizzlys Wolfsburg
14,Atlanta Gladiators,,,Atlanta Gladiators
15,HK Kurbads,,,HK Kurbads
16,Växjö Lakers HC J20,,,Växjö Lakers HC J20
17,Gangwon High1,,,Gangwon High1
18,Kristianstads IK,,,Kristianstads IK
19,Calgary Flames U18 AAA,,,Calgary Flames U18 AAA
20,Toronto Jr. Canadiens,,,Toronto Jr. Canadiens
21,The Roxbury Latin School,,,The Roxbury Latin School
22,Dynamo Minsk,,,Dynamo Minsk
23,Clemensnäs HC,,,
24,High1,,,High1
25,SDE HF J18,,,SDE HF J18
26,Niagara University,,,
27,Halton Hurricanes U16 AAA,,,
28,San Francisco Bulls,,,
29,Deggendorfer SC,,,Deggendorfer SC
30,Eispiraten Crimmitschau,,,Eispiraten Crimmitschau
31,Sorel-Tracy Carvena HC,,,Sorel-Tracy Carvena HC
32,Guildford Flames,,,Guildford Flames
33,SC Csíkszereda,,,SC Csíkszereda
34,Ottawa Jr. 67s U16 AAA,,,
35,Fassa,,,Fassa
36,Saryarka Karaganda,,,Saryarka Karaganda
37,No team,,,
38,BK Mladá Boleslav,,,
39,Dornbirner EC,,,Dornbirner EC
40,Sarnia Sting,,,
41,Kramfors-Alliansen J18,,,Kramfors-Alliansen J18
42,Rögle BK U16,,,Rögle BK U16
43,MsHK Zilina U18,,,
44,Univ. of Alberta,,,Univ. of Alberta
45,EHC Bayreuth,,,
46,MHK Dynamo Moskva,,,MHK Dynamo Moskva
47,Yale Hockey Academy U15 Prep,,,Yale Hockey Academy U15 Prep
48,Malmö Redhawks,,,Malmö Redhawks
49,Berani Zlin,,,Berani Zlin
50,HK 95 Povazska Bystrica,,,HK 95 Povazska Bystrica
51,Dayton Gems,,,
52,Wings HC Arlanda,,,
53,Zvezda-VDV Dmitrov,,,Zvezda-VDV Dmitrov
54,NWCAA Stampeders U16 AAA,,,NWCAA Stampeders U16 AAA
55,Team Belarus U20,,,Team Belarus U20
56,The Loomis Chaffee School,,,The Loomis Chaffee School
57,Straubing Tigers,,,Straubing Tigers
58,Kansas City Mavericks,,,Kansas City Mavericks
59,RB Hockey Juniors,,,RB Hockey Juniors
60,Little Caesars 14U AAA,,,Little Caesars 14U AAA
61,TPS U20,,,TPS U20
62,Quad City Flames,,,
63,Rocky Mountain Raiders U15 AAA,,,Rocky Mountain Raiders U15 AAA
64,Yunost Minsk,,,Yunost Minsk
65,SC Riessersee,,,SC Riessersee
66,SERC Wild Wings,,,
67,HC Pustertal,,,
68,MsHK Zilina,,,MsHK Zilina
69,Quinte Red Devils U16 AAA,,,Quinte Red Devils U16 AAA
70,Evansville IceMen,,,
71,Kootenay Ice,,,
72,IF Björklöven,,,IF Björklöven
73,KalPa,,,KalPa
74,SHK 37 Piestany,,,SHK 37 Piestany
75,HC Olomouc,,,HC Olomouc
76,Cracovia Krakow,,,Cracovia Krakow
77,Brock Univ.,,,Brock Univ.
78,Valley West Hawks U18 AAA,,,
79,Alaska Aces,,,
80,Blues U20,,,Blues U20
81,St. Louis Blues,,,St. Louis Blues
82,Olimpija Ljubljana,,,Olimpija Ljubljana
83,Johnstown Chiefs,,,
84,Nordsjælland Cobras,,,
85,Winnipeg Wild U18 AAA,,,Winnipeg Wild U18 AAA
86,Milton Keynes Lightning,,,Milton Keynes Lightning
87,Don Mills Flyers U16 AAA,,,Don Mills Flyers U16 AAA
88,Pembroke Lumber Kings U18 AAA,,,Pembroke Lumber Kings U18 AAA
89,Okanagan HA U15 Prep,,,Okanagan HA U15 Prep
90,Worcester Railers,,,Worcester Railers
91,Färjestad BK J20,,,Färjestad BK J20
92,San Antonio Rampage,,,
93,Canisius College,,,
94,Tohoku Free Blades,,,Tohoku Free Blades
95,Skellefteå AIK,,,Skellefteå AIK
96,Cornwall River Kings,,,Cornwall River Kings
97,Starbulls Rosenheim U19,,,Starbulls Rosenheim U19
98,St-Gabriel-de-Brandon Prédateurs,,,
99,Pustertal/Val Pusteria,,,Pustertal/Val Pusteria
100,RPI (Rensselaer Polytech. Inst.),,,RPI (Rensselaer Polytech. Inst.)
101,MoDo Hockey,,,MoDo Hockey
102,Flint Firebirds,,,
103,Epinal,,,Epinal
104,Prince Albert Raiders U15 AA,,,Prince Albert Raiders U15 AA
105,Toledo Walleye,,,
106,HC Kopřivnice,,,
107,Toronto Blue Ice Jets,,,
108,Anyang Halla,,,Anyang Halla
109,Yorkton Harvest U18 AAA,,,
110,Philadelphia Flyers,,,Philadelphia Flyers
111,SaiPa,,,SaiPa
112,Springfield Falcons,,,
113,Lowell Devils,,,
114,Djurgårdens IF J18,,,Djurgårdens IF J18
115,Univ. of Victoria,,,Univ. of Victoria
116,Rapperswil U20,,,Rapperswil U20
117,Cushing Academy,,,Cushing Academy
118,SCL Tigers,,,
119,Düsseldorfer EG,,,Düsseldorfer EG
120,Ak Bars Kazan,,,Ak Bars Kazan
121,SC Langenthal,,,
122,Solent Devils,,,
123,Pontebba,,,Pontebba
124,Gentofte Stars,,,Gentofte Stars
125,Kimball Union Academy,,,Kimball Union Academy
126,Hedemora SK J18,,,Hedemora SK J18
127,Carolina Eagles,,,
128,Long Island Royals 16U AAA,,,Long Island Royals 16U AAA
129,Wentworth Inst. of Tech.,,,
130,CBR Brave,,,CBR Brave
131,HC Energie Karlovy Vary,,,HC Energie Karlovy Vary
132,Invicta Dynamos,,,
133,Toronto Red Wings U16 AAA,,,Toronto Red Wings U16 AAA
134,Kootenay Ice U18 AAA,,,
135,Kassel Huskies,,,
136,Janesville Jets,,,
137,HC Fribourg-Gottéron,,,
138,Manchester Storm,,,Manchester Storm
139,Boston College,,,Boston College
140,HC Slovan Ústečtí Lvi,,,
141,Leksands IF J18,,,Leksands IF J18
142,Manchester Monarchs,,,
143,Univ. of Denver,,,Univ. of Denver
144,Rouen,,,Rouen
145,Barys Astana,,,Barys Astana
146,HC Trutnov,,,HC Trutnov
147,Arizona Sundogs,,,Arizona Sundogs
148,EV Regensburg,,,EV Regensburg
149,Södertälje SK J20,,,Södertälje SK J20
150,Vityaz Podolsk,,,Vityaz Podolsk
151,Edina High,,,Edina High
152,EHC Klostersee,,,EHC Klostersee
153,Ste-Anne Aces,,,Ste-Anne Aces
154,Savannah Ghost Pirates,,,Savannah Ghost Pirates
155,Dubuque Fighting Saints,,,
156,Colorado Thunderbirds 16U AAA,,,Colorado Thunderbirds 16U AAA
157,Valpellice,,,Valpellice
158,RIT (Rochester Inst. of Tech.),,,
159,Osoyoos Coyotes,,,
160,Traktor Chelyabinsk,,,Traktor Chelyabinsk
161,Djurgårdens IF,,,Djurgårdens IF
162,Herning Blue Fox,,,Herning Blue Fox
163,Cortina,,,Cortina
164,Michigan Tech,,,Michigan Tech
165,Florida Panthers,,,Florida Panthers
166,Muik Hockey,,,Muik Hockey
167,ERC Sonthofen 1999,,,
168,Bemidji High,,,
169,Briançon,,,Briançon
170,Yunison-Moskva,,,
171,Nelson Leafs,,,Nelson Leafs
172,Boston Univ.,,,Boston Univ.
173,Springfield Thunderbirds,,,
174,Sun County Panthers U16 AAA,,,Sun County Panthers U16 AAA
175,EC Peiting,,,
176,Almtuna IS J20,,,Almtuna IS J20
177,Swift Current Broncos,,,Swift Current Broncos
178,Mariestad BoIS J18,,,
179,AZ Havirov U18,,,
180,HK Dukla Trencin U20,,,HK Dukla Trencin U20
181,SC Bern,,,
182,Villacher SV,,,Villacher SV
183,Providence Bruins,,,
184,North Bay Battalion,,,
185,Séminaire St-François Blizzard,,,Séminaire St-François Blizzard
186,Enköpings SK J18,,,Enköpings SK J18
187,Iowa Heartlanders,,,Iowa Heartlanders
188,HC Banska Bystrica,,,HC Banska Bystrica
189,Selects Academy 16U AAA,,,Selects Academy 16U AAA
190,Irbis Kazan,,,Irbis Kazan
191,HK Sarov,,,HK Sarov
192,Kovlands IshF,,,Kovlands IshF
193,Malmö Redhawks J20,,,Malmö Redhawks J20
194,ESC Moskitos Essen,,,ESC Moskitos Essen
195,EC Kassel Huskies,,,EC Kassel Huskies
196,Iowa Chops,,,
197,Vancouver Canucks,,,Vancouver Canucks
198,Selber Wölfe,,,Selber Wölfe
199,HC Znojemští Orli,,,
200,Buffalo Jr. Sabres,,,Buffalo Jr. Sabres
201,EC Harzer Falken,,,EC Harzer Falken
202,Skellefteå AIK J20,,,Skellefteå AIK J20
203,KH GKS Katowice,,,
204,Morzine-Avoriaz,,,Morzine-Avoriaz
205,Sorel-Tracy Éperviers,,,Sorel-Tracy Éperviers
206,Ajax/Pickering Raiders U16 AAA,,,Ajax/Pickering Raiders U16 AAA
207,HC Dukla Jihlava,,,HC Dukla Jihlava
208,Laval Prédateurs,,,Laval Prédateurs
209,Parkland Rangers U18 AAA,,,
210,Sokil Kyiv,,,
211,Cambridge Winter Hawks,,,Cambridge Winter Hawks
212,Evansville Icemen,,,
213,Lukko,,,Lukko
214,Almtuna IS,,,Almtuna IS
215,Bowling Green State Univ.,,,Bowling Green State Univ.
216,ERC Ingolstadt,,,ERC Ingolstadt
217,Tampa Bay Lightning,,,Tampa Bay Lightning
218,Newfoundland Growlers,,,Newfoundland Growlers
219,Linköping HC J18,,,Linköping HC J18
220,HC Vita Hästen,,,HC Vita Hästen
221,Streatham Redskins,,,
222,Moose Jaw Warriors,,,
223,ESV Kaufbeuren U18,,,ESV Kaufbeuren U18
224,Brynäs IF J18,,,Brynäs IF J18
225,Tri-City Storm,,,
226,HC Sierre,,,
227,Sudbury Wolves U16 AAA,,,
228,Villanova Knights,,,
229,Bakersfield Condors,,,
230,HC Kladno,,,
231,Prince Albert Raiders,,,
232,Ottawa Senators,,,Ottawa Senators
233,Mississippi RiverKings,,,
234,Hill-Murray School,,,Hill-Murray School
235,Team Belarus U18,,,Team Belarus U18
236,Endicott College,,,
237,EC Salzburg,,,EC Salzburg
238,Univ. of Michigan,,,Univ. of Michigan
239,Dynamo Moskva,,,Dynamo Moskva
240,Belleville Bulls,,,
241,Totempo HVIK,,,
242,Calgary Hitmen,,,
243,HC Ambrì-Piotta,,,
244,OHA Edmonton U15 Prep,,,OHA Edmonton U15 Prep
245,Pétroliers du Nord,,,
246,MHK Humenne,,,
247,KLH Chomutov,,,
248,Mora IK,,,Mora IK
249,Boston Jr. Bruins 16U AAA,,,Boston Jr. Bruins 16U AAA
250,Boston Bruins,,,Boston Bruins
251,VHK Vsetín,,,
252,Nottingham Lions,,,Nottingham Lions
253,Orlando Solar Bears,,,
254,Beibarys Atyrau,,,Beibarys Atyrau
255,Nepean Raiders,,,Nepean Raiders
256,SKA-1946 St. Petersburg,,,SKA-1946 St. Petersburg
257,Jungadler Mannheim U18,,,Jungadler Mannheim U18
258,MHC Martin,,,
259,Frederikshavn IK,,,
260,MHK Spartak Moskva,,,
261,Nacka HK J18,,,Nacka HK J18
262,North Jersey Avalanche 18U AAA,,,North Jersey Avalanche 18U AAA
263,SCM Brasov,,,
264,Cedar Rapids Roughriders,,,
265,Hvidovre Ligahockey,,,
266,HC Zlín,,,
267,Nanaimo Clippers,,,
268,Rockford IceHogs,,,
269,Curry College,,,
270,HC Sierre-Anniviers,,,
271,Dizel Penza,,,Dizel Penza
272,Adirondack Thunder,,,
273,Brown Univ.,,,Brown Univ.
274,Sibir Novosibirsk,,,Sibir Novosibirsk
275,SK Sokil Kyiv,,,SK Sokil Kyiv
276,Barrie Colts U16 AAA,,,Barrie Colts U16 AAA
277,Mora IK J18,,,Mora IK J18
278,USNTDP Juniors,,,USNTDP Juniors
279,Côte-du-Sud Everest,,,
280,Ohio Blue Jackets 18U AAA,,,Ohio Blue Jackets 18U AAA
281,Chilliwack Chiefs,,,
282,Adirondack Phantoms,,,
283,HA74,,,HA74
284,Luleå HF,,,Luleå HF
285,North York Rangers,,,North York Rangers
286,Hannover Indians,,,Hannover Indians
287,Valley Jr. Warriors,,,
288,Albany Devils,,,
289,Hamilton Steelhawks,,,Hamilton Steelhawks
290,Rapperswil-Jona Lakers,,,
291,Greater Kingston Front. U18 AAA,,,
292,Schwenninger Wild Wings,,,Schwenninger Wild Wings
293,West Kelowna Warriors,,,West Kelowna Warriors
294,Bismarck Bobcats,,,
295,Zug U20,,,
296,Kunlun Red Star,,,Kunlun Red Star
297,Gottéron U20,,,Gottéron U20
298,Unia Oswiecim,,,Unia Oswiecim
299,EC Bad Nauheim,,,EC Bad Nauheim
300,Edge School Elite 15s,,,
301,Oakland Jr. Grizzlies 16U AAA,,,Oakland Jr. Grizzlies 16U AAA
302,ZSC U17,,,ZSC U17
303,HC Plzeň 1929,,,
304,Saguenay Marquis,,,
305,EHC Basel,,,
306,Cincinnati Cyclones,,,
307,Odessa Jackalopes,,,
308,Chamonix,,,Chamonix
309,Vancouver NE Chiefs U18 AAA,,,Vancouver NE Chiefs U18 AAA
310,Nashville Predators,,,Nashville Predators
311,Dynamo St. Petersburg,,,
312,Stavanger Oilers,,,Stavanger Oilers
313,HC Most,,,HC Most
314,Hull Stingrays,,,Hull Stingrays
315,Sakhalin,,,
316,South Shore Kings 14U AAA,,,
317,Univ. of Notre Dame,,,Univ. of Notre Dame
318,Ilves U20,,,Ilves U20
319,Gander Flyers,,,Gander Flyers
320,Detroit Red Wings,,,Detroit Red Wings
321,HC Slovan Bratislava,,,HC Slovan Bratislava
322,Fischtown Pinguins,,,Fischtown Pinguins
323,Indy Fuel,,,
324,Lethbridge Hurricanes,,,
325,Åsele IK,,,Åsele IK
326,HK 96 Nitra,,,
327,DVTK Jegesmedvék,,,DVTK Jegesmedvék
328,Eastlink Cee Bee Stars,,,Eastlink Cee Bee Stars
329,Plymouth Whalers,,,
330,CSM Corona Brasov,,,CSM Corona Brasov
331,Angers,,,Angers
332,Vityaz Chekhov,,,
333,Oshawa Generals,,,
334,Abbotsford Canucks,,,
335,HC Motor České Budějovice,,,
336,EV Füssen,,,
337,Princeton Univ.,,,Princeton Univ.
338,Estevan Bruins U15 AA,,,Estevan Bruins U15 AA
339,EC-KAC,,,EC-KAC
340,Ässät U20,,,Ässät U20
341,Moncton Wildcats,,,
342,Sacred Heart Univ.,,,Sacred Heart Univ.
343,Torpedo Ust-Kamenogorsk,,,Torpedo Ust-Kamenogorsk
344,Chicago Express,,,
345,Prince George Cougars,,,
346,Saale Bulls Halle,,,
347,Vasas Budapest Stars,,,
348,Wenatchee Wild,,,Wenatchee Wild
349,Lacombe Generals,,,Lacombe Generals
350,Bars Kazan,,,Bars Kazan
351,Malmö Redhawks J18,,,Malmö Redhawks J18
352,Muskegon Lumberjacks,,,
353,Lada Togliatti,,,Lada Togliatti
354,London Jr. Knights Gold U16 AAA,,,
355,Hamilton Steel U16 AAA,,,
356,Falu IF U16,,,Falu IF U16
357,Herlev Eagles,,,
358,Penticton Vees Senior AAA,,,
359,Herlev Hornets,,,
360,Univ. of Maine,,,Univ. of Maine
361,Wetaskiwin Longhorns,,,Wetaskiwin Longhorns
362,Romford Raiders,,,
363,Kärpät,,,Kärpät
364,Brampton Battalion,,,
365,GCK Lions U20,,,
366,Kiekko-Espoo,,,Kiekko-Espoo
367,Yale Univ.,,,Yale Univ.
368,HC Nove Zamky,,,HC Nove Zamky
369,Växjö Lakers HC,,,Växjö Lakers HC
370,Vegas Golden Knights,,,Vegas Golden Knights
371,Ferris State Univ.,,,Ferris State Univ.
372,Windsor Spitfires,,,Windsor Spitfires
373,Montréal Juniors,,,
374,IPK,,,IPK
375,IFK Täby HC J18,,,IFK Täby HC J18
376,UMass,,,UMass
377,Drummondville Voltigeurs,,,
378,Black Wings Linz,,,Black Wings Linz
379,HYS The Hague,,,
380,Fort Wayne Komets,,,Fort Wayne Komets
381,Cedar Rapids RoughRiders,,,
382,New York Islanders,,,New York Islanders
383,Shakhter Soligorsk,,,Shakhter Soligorsk
384,SK Horácká Slavia Třebíč,,,
385,Aurora Tigers,,,Aurora Tigers
386,Pelicans,,,Pelicans
387,Tri-City Americans,,,
388,Cardiff Devils,,,Cardiff Devils
389,Stouffville Spirit,,,Stouffville Spirit
390,The Hill Academy U16 Prep,,,The Hill Academy U16 Prep
391,Belfast Giants,,,Belfast Giants
392,Minnetonka High,,,Minnetonka High
393,Tucson Roadrunners,,,Tucson Roadrunners
394,Yellowhead Chiefs U18 AAA,,,
395,Luleå HF J20,,,Luleå HF J20
396,Connecticut Yankees,,,Connecticut Yankees
397,Madison Capitols,,,
398,Tyringe SoSS,,,Tyringe SoSS
399,Prince Albert Mintos U18 AAA,,,Prince Albert Mintos U18 AAA
400,Zemgale,,,Zemgale
401,Michigan State Univ.,,,Michigan State Univ.
402,Tsen Tou Jilin,,,Tsen Tou Jilin
403,David Servis Ceske Budejovice,,,David Servis Ceske Budejovice
404,HC Pardubice,,,
405,Edmonton Oilers,,,Edmonton Oilers
406,Mississauga Senators U16 AAA,,,
407,Bilyy Bars Bila Tserkva,,,Bilyy Bars Bila Tserkva
408,Niagara Falls Canucks U18 AAA,,,
409,Sunne IK J18,,,Sunne IK J18
410,Toros Neftekamsk,,,Toros Neftekamsk
411,Cape Breton Eagles,,,
412,Charlotte Checkers,,,
413,Cleveland Monsters,,,
414,Don Mills Flyers U18 AAA,,,
415,Univ. of Wisconsin,,,Univ. of Wisconsin
416,Académie St-Louis Prep,,,
417,Genève-Servette U20,,,
418,Kuban Krasnodar,,,
419,Denver Cutthroats,,,
420,Salavat Yulaev Ufa,,,Salavat Yulaev Ufa
421,Salmon Arm Silverbacks,,,
422,Brest,,,Brest
423,Phoenix Coyotes,,,Phoenix Coyotes
424,Medvescak Zagreb,,,Medvescak Zagreb
425,Frölunda HC J20,,,Frölunda HC J20
426,Battlefords Stars U18 AAA,,,Battlefords Stars U18 AAA
427,Regina Pats,,,Regina Pats
428,Adirondack Flames,,,
429,Stoney Creek Generals,,,Stoney Creek Generals
430,Biel-Bienne U20,,,Biel-Bienne U20
431,Calgary Northstars U18 AAA,,,Calgary Northstars U18 AAA
432,Dundee Stars,,,Dundee Stars
433,Eau Claire Memorial High,,,Eau Claire Memorial High
434,Prince Edward Island Rocket,,,Prince Edward Island Rocket
435,Shattuck St. Mary's 14U AAA,,,Shattuck St. Mary's 14U AAA
436,Rytíři Kladno,,,
437,Milano,,,Milano
438,Leksands IF J20,,,Leksands IF J20
439,Ohio State Univ.,,,Ohio State Univ.
440,Sherbrooke Phoenix,,,
441,East Hokkaido Cranes,,,East Hokkaido Cranes
442,Spruce Grove Saints,,,
443,Kulager Petropavlovsk,,,
444,Dresdner Eislöwen,,,Dresdner Eislöwen
445,Sudbury Wolves Minor Midget AAA,,,
446,Falu IF,,,Falu IF
447,Baie-Comeau Drakkar,,,
448,HC 19 Humenné,,,
449,Tappara U20,,,Tappara U20
450,Borås HC,,,Borås HC
451,HK Almaty,,,HK Almaty
452,Edinburgh Capitals,,,Edinburgh Capitals
453,Burnaby Winter Club Prep,,,
454,UNI Györi ETO HC,,,
455,Blainville-Boisbriand Armada,,,Blainville-Boisbriand Armada
456,Frederikshavn White Hawks,,,
457,Neftekhimik Nizhnekamsk,,,Neftekhimik Nizhnekamsk
458,Nottingham Panthers,,,Nottingham Panthers
459,Allen Americans,,,
460,Charlottetown Islanders,,,
461,IF Troja-Ljungby J20,,,IF Troja-Ljungby J20
462,Winnipeg Ice,,,Winnipeg Ice
463,Spokane Chiefs,,,
464,Omaha Lancers,,,
465,Hannover Scorpions,,,Hannover Scorpions
466,St. John's Prep,,,St. John's Prep
467,Frölunda HC,,,Frölunda HC
468,New Jersey Rockets,,,New Jersey Rockets
469,Mountfield HK,,,Mountfield HK
470,VIK Västerås HK,,,
471,Notre Dame Argos U18 AAA,,,Notre Dame Argos U18 AAA
472,Berani Zlín,,,
473,Philadelphia Phantoms,,,
474,Eden Prairie High,,,Eden Prairie High
475,Dinamo Riga,,,Dinamo Riga
476,GKS Tychy,,,GKS Tychy
477,MODO Hockey J20,,,MODO Hockey J20
478,Brunflo IK,,,Brunflo IK
479,Omaha AAA Lancers 16U,,,Omaha AAA Lancers 16U
480,Elmira Jackals,,,
481,Erie Otters,Erie,Erie,Erie Otters
482,HC Samson České Budějovice,,,
483,Jacksonville Icemen,,,
484,The Rivers School,,,The Rivers School
485,Fairbanks Ice Dogs,,,
486,É. Sec. Cap-Jeunesse (JuvD1),,,
487,Finlandia Univ.,,,
488,Arlan Kokshetau,,,Arlan Kokshetau
489,MODO Hockey,,,MODO Hockey
490,Québec Remparts,,,Québec Remparts
491,Karlskrona HK J18,,,
492,HC Sparta Praha,,,HC Sparta Praha
493,Mississauga Reps U18 AAA,,,Mississauga Reps U18 AAA
494,Yugra Khanty-Mansiysk,,,Yugra Khanty-Mansiysk
495,Sainte-Foy Dynamiques,,,
496,Donbass Donetsk,,,Donbass Donetsk
497,Oji Eagles,,,Oji Eagles
498,Camrose Red Wings U15 AAA,,,
499,Krefelder EV 1981 U16,,,Krefelder EV 1981 U16
500,HC Mountfield,,,
501,HK Vitebsk,,,HK Vitebsk
502,VEU Feldkirch,,,VEU Feldkirch
503,HK Opava,,,HK Opava
504,Univ. of New Brunswick,,,Univ. of New Brunswick
505,Reaktor Nizhnekamsk,,,Reaktor Nizhnekamsk
506,Östersunds IK,,,Östersunds IK
507,Arizona Coyotes,,,Arizona Coyotes
508,Kamloops Blazers,,,
509,Södertälje SK J18,,,
510,Thetford Mines Isothermic,,,Thetford Mines Isothermic
511,Sheffield Spartans,,,
512,Jungadler Mannheim U16,,,Jungadler Mannheim U16
513,HC Lugano,,,
514,Streatham Redhawks,,,
515,Lake Erie Monsters,,,
516,Bílí Tygři Liberec U20,,,
517,Smiths Falls Bears,,,Smiths Falls Bears
518,Starbulls Rosenheim,,,Starbulls Rosenheim
519,Seattle Thunderbirds,,,Seattle Thunderbirds
520,Brandon Wheat Kings U18 AAA,,,Brandon Wheat Kings U18 AAA
521,Des Moines Buccaneers,,,
522,Fayetteville FireAntz,,,
523,Basel Sharks,,,Basel Sharks
524,Edmonton Oil Kings,,,
525,Jokerit,,,Jokerit
526,Brandon Wheat Kings,,,Brandon Wheat Kings
527,IF Troja-Ljungby J18,,,IF Troja-Ljungby J18
528,Kanata Lasers U18 AAA,,,Kanata Lasers U18 AAA
529,Sheffield Senators,,,
530,EV Zug,,,
531,Hermantown High,,,Hermantown High
532,HK 32 Liptovsky Mikulas,,,HK 32 Liptovsky Mikulas
533,North Shore WC U15 A1,,,North Shore WC U15 A1
534,Niagara Falls Rivermen U16 AAA,,,
535,Kramfors-Alliansen,,,Kramfors-Alliansen
536,Grand Rapids Griffins,,,
537,Chicago Blackhawks,,,Chicago Blackhawks
538,Corpus Christi IceRays,,,
539,Kiekko-Vantaa,,,Kiekko-Vantaa
540,EfB Ishockey,,,
541,JYP,,,JYP
542,Rimouski Océanic,,,
543,EHC München,,,EHC München
544,Jokerit U18,,,Jokerit U18
545,Landshut Cannibals,,,
546,San Jose Barracuda,,,
547,HC Presov,,,HC Presov
548,Cape Breton Screaming Eagles,,,Cape Breton Screaming Eagles
549,DEG Metro Stars,,,
550,Skövde IK J18,,,
551,Dallas Stars,,,Dallas Stars
552,Hokej Vyškov,,,
553,HC Giants,,,HC Giants
554,Stockton Heat,,,
555,JYP U20,,,JYP U20
556,Braehead Clan,,,
557,SC Rapperswil-Jona Lakers,,,
558,Bietigheim Steelers,,,Bietigheim Steelers
559,Odense Bulldogs,,,
560,Niagara IceDogs,,,
561,Neftyanik Almetievsk,,,Neftyanik Almetievsk
562,Neumarkt/Egna,,,Neumarkt/Egna
563,Utah Grizzlies,,,
564,HK Kremenchuk,,,
565,Delta Hockey Academy U15 Prep,,,
566,Metallurg Zhlobin,,,Metallurg Zhlobin
567,Vålerenga,,,Vålerenga
568,Saskatoon Blazers U18 AAA,,,Saskatoon Blazers U18 AAA
569,Skellefteå AIK J18,,,Skellefteå AIK J18
570,Rivière-du-Loup CIMT,,,Rivière-du-Loup CIMT
571,Piráti Chomutov,,,Piráti Chomutov
572,LeKi,,,LeKi
573,Karlskrona HK,,,Karlskrona HK
574,AZ Havířov,,,
575,Guelph Jr. Gryphons U16 AAA,,,
576,San Diego Gulls,,,
577,Nürnberg Ice Tigers,,,Nürnberg Ice Tigers
578,Mount Royal Univ.,,,
579,Bridgeport Islanders,,,
580,Medicine Hat Tigers,,,
581,Bentley Generals,,,
582,Dundas Real McCoys,,,Dundas Real McCoys
583,St. Louis AAA Blues 16U AAA,,,St. Louis AAA Blues 16U AAA
584,SKA St. Petersburg,,,SKA St. Petersburg
585,Ak Bars Kazan U18,,,Ak Bars Kazan U18
586,Hockey Thurgau,,,
587,Traverse City North Stars,,,Traverse City North Stars
588,Naprzod Janow,,,Naprzod Janow
589,Melbourne Mustangs,,,Melbourne Mustangs
590,ASC Corona Brasov,,,ASC Corona Brasov
591,Barrie Colts U18 AAA,,,Barrie Colts U18 AAA
592,Hotchkiss School,,,Hotchkiss School
593,Los Angeles Jr. Kings 16U AAA,,,Los Angeles Jr. Kings 16U AAA
594,Osby IK,,,Osby IK
595,Lloydminster Heat U15 AAA,,,Lloydminster Heat U15 AAA
596,Quad City Mallards,,,Quad City Mallards
597,Ilves,,,Ilves
598,New York Rangers,,,New York Rangers
599,Winnipeg Jets,,,Winnipeg Jets
600,Iowa Wild,,,
601,Wheeling Nailers,,,
602,HC Davos,,,
603,Minskie Zubry,,,
604,Kent School,,,Kent School
605,Mississauga Rebels U16 AAA,,,Mississauga Rebels U16 AAA
606,Univ. of New Hampshire,,,Univ. of New Hampshire
607,PSK Sakhalin,,,PSK Sakhalin
608,CYA 16U AAA,,,CYA 16U AAA
609,Cleveland Barons 16U AAA,,,
610,Tölzer Löwen,,,Tölzer Löwen
611,Stillwater High,,,Stillwater High
612,HV71 J18,,,HV71 J18
613,RINK Hockey Academy Prep,,,
614,SKA-Neva St. Petersburg,,,SKA-Neva St. Petersburg
615,Eisbären Berlin,,,Eisbären Berlin
616,Peterborough Petes U16 AAA,,,
617,Merrimack College,,,Merrimack College
618,CSKA Moskva,,,CSKA Moskva
619,Saint-Georges-de-Beauce COOL-FM,,,Saint-Georges-de-Beauce COOL-FM
620,Winnipeg Hawks U15 AAA,,,
621,Everett Silvertips,,,
622,Cloverdale Colts U15 A1,,,
623,Toronto Jr. Canadiens U16 AAA,,,Toronto Jr. Canadiens U16 AAA
624,Lethbridge Hurricanes U18 AAA,,,Lethbridge Hurricanes U18 AAA
625,Chicoutimi Saguenéens,,,
626,HC Dynamo Pardubice U20,,,HC Dynamo Pardubice U20
627,Kallinge/Ronneby IF,,,Kallinge/Ronneby IF
628,HK Dukla Michalovce,,,HK Dukla Michalovce
629,Trois-Rivières Lions,,,Trois-Rivières Lions
630,Brynäs IF,,,Brynäs IF
631,Eisbären Regensburg,,,Eisbären Regensburg
632,Esbjerg Energy,,,Esbjerg Energy
633,St. Andrew's College,,,St. Andrew's College
634,Salisbury School,,,Salisbury School
635,Soo Thunder U16 AAA,,,
636,IFK Ore,,,
637,HC Příbram,,,
638,Whitby Wildcats U16 AAA,,,Whitby Wildcats U16 AAA
639,EV Landshut,,,EV Landshut
640,Austin Bruins,,,
641,HC Letci Letňany,,,
642,Elk River High,,,Elk River High
643,Sun Valley Suns,,,
644,Western Michigan Univ.,,,Western Michigan Univ.
645,St. Mark's School,,,St. Mark's School
646,Fana IHK,,,Fana IHK
647,HK Levice,,,HK Levice
648,Storhamar,,,Storhamar
649,Saskatoon Contacts U18 AAA,,,Saskatoon Contacts U18 AAA
650,HS Riga,,,HS Riga
651,Red Deer Rebels,,,Red Deer Rebels
652,Rivière-du-Loup 3L,,,Rivière-du-Loup 3L
653,Calgary Wranglers,,,Calgary Wranglers
654,Krefeld Pinguine,,,Krefeld Pinguine
655,Summerside Western Capitals,,,Summerside Western Capitals
656,SønderjyskE,,,SønderjyskE
657,Lev Poprad,,,Lev Poprad
658,Chiavenna,,,
659,Peterborough Phantoms,,,
660,Brooklyn Tigers,,,
661,Northern Michigan Univ.,,,
662,Saint John Sea Dogs,,,Saint John Sea Dogs
663,HC Řisuty,,,
664,Frölunda HC J18,,,Frölunda HC J18
665,Syracuse Crunch,,,
666,IK Pantern,,,IK Pantern
667,Calgary Flames,,,Calgary Flames
668,Shawinigan Cataractes,,,
669,Seattle Kraken,,,Seattle Kraken
670,Norfolk Admirals,,,
671,Väsby IK,,,Väsby IK
672,Waywayseecappo Wolverines,,,
673,HC Kometa Brno B,,,HC Kometa Brno B
674,Carolina Thunderbirds,,,Carolina Thunderbirds
675,Laval Rocket,,,Laval Rocket
676,Markham Majors U18 AAA,,,
677,Worcester Sharks,,,
678,Team Belarus U17,,,Team Belarus U17
679,Toronto Patriots,,,Toronto Patriots
680,Hartford Wolf Pack,,,
681,Pensacola Ice Flyers,,,Pensacola Ice Flyers
682,Thetford Mines Assurancia,,,Thetford Mines Assurancia
683,EHC Lustenau,,,EHC Lustenau
684,Háromszéki Ágyúsok,,,
685,Visp U15,,,Visp U15
686,Alleghe,,,Alleghe
687,Mora IK J20,,,Mora IK J20
688,South Carolina Stingrays,,,
689,St. Lawrence Univ.,,,St. Lawrence Univ.
690,Blues,,,Blues
691,Brandon Wheat Kings U15 AAA,,,Brandon Wheat Kings U15 AAA
692,Ravensburg Towerstars,,,Ravensburg Towerstars
693,Kärpät U18,,,Kärpät U18
694,HC Vlci Jablonec nad Nisou,,,HC Vlci Jablonec nad Nisou
695,Nikko Icebucks,,,Nikko Icebucks
696,Ässät,,,Ässät
697,Reading Royals,,,
698,Saint-Jérome Cheminots (D2),,,
699,Dartmouth College,,,Dartmouth College
700,Edge School U15 Prep,,,Edge School U15 Prep
701,Frisk Asker,,,
702,Penn State Univ.,,,
703,Viking Hockey,,,
704,Time-out from hockey,,,
705,Tulsa Oilers,,,Tulsa Oilers
706,Ertis Pavlodar,,,Ertis Pavlodar
707,Huron Perth Lakers U16 AAA,,,
708,Atlanta Thrashers,,,Atlanta Thrashers
709,Portland Pirates,,,
710,Tappara,,,Tappara
711,Coachella Valley Firebirds,,,Coachella Valley Firebirds
712,Waterloo Black Hawks,,,
713,Huntsville Havoc,,,
714,Prairie Storm U15 AA,,,
715,Calgary Northstar Sabres U15 AAA,,,Calgary Northstar Sabres U15 AAA
716,Amur Khabarovsk,,,Amur Khabarovsk
717,AIK,,,AIK
718,Rungsted Cobras,,,
719,Eisbären Juniors Berlin U20,,,Eisbären Juniors Berlin U20
720,Timrå IK U16,,,Timrå IK U16
721,New Jersey Rockets 16U AAA,,,
722,Kölner Haie,,,Kölner Haie
723,Louisiana IceGators,,,
724,Lincoln Stars,,,
725,Calgary Bronks U15 AAA,,,
726,THK Tver,,,THK Tver
727,Sunne IK,,,Sunne IK
728,Wilkes-Barre/Scranton Penguins,,,Wilkes-Barre/Scranton Penguins
729,Ottawa 67's,,,
730,HK Mogo,,,HK Mogo
731,HKM Zvolen,,,HKM Zvolen
732,Eden Prairie Bantam AA,,,Eden Prairie Bantam AA
733,Peoria Rivermen,,,
734,HPK U20,,,HPK U20
735,Timrå IK J20,,,Timrå IK J20
736,HK Spisska Nova Ves,,,HK Spisska Nova Ves
737,Deggendorf Fire,,,
738,Colorado Avalanche,,,Colorado Avalanche
739,Asiago,,,Asiago
740,The Lawrenceville School,,,The Lawrenceville School
741,Haninge Anchors,,,Haninge Anchors
742,Providence College,,,Providence College
743,Omskie Krylia,,,Omskie Krylia
744,Gap,,,Gap
745,EK Zell am See,,,EK Zell am See
746,Sheffield Steelers,,,Sheffield Steelers
747,St. Catharines Falcons,,,St. Catharines Falcons
748,Mississauga Reps U16 AAA,,,Mississauga Reps U16 AAA
749,Bloomington Thunder,,,
750,RB Hockey Academy U18,,,RB Hockey Academy U18
751,Saint Mary's Univ.,,,Saint Mary's Univ.
752,Belle Tire 18U AAA,,,
753,Flint Generals,,,
754,Västerås IK,,,Västerås IK
755,Saskatoon Stallions U15 AA,,,Saskatoon Stallions U15 AA
756,HK Ryazan,,,HK Ryazan
757,Univ. of Alabama-Huntsville,,,
758,Buran Voronezh,,,Buran Voronezh
759,Vityaz Moscow Region,,,Vityaz Moscow Region
760,Calgary Royals U15 AAA,,,Calgary Royals U15 AAA
761,Lehigh Valley Phantoms,,,
762,Union College,,,Union College
763,Topeka Roadrunners,,,
764,HC Innsbruck,,,HC Innsbruck
765,HK Nitra,,,HK Nitra
766,Telford Tigers,,,
767,Buffalo Jr. Sabres 16U AAA,,,Buffalo Jr. Sabres 16U AAA
768,Lørenskog,,,Lørenskog
769,West Van Academy Prep,,,
770,Robert Morris Univ.,,,
771,LHK Jestřábi Prostějov,,,
772,Victoriaville Tigres,,,
773,IK Oskarshamn,,,IK Oskarshamn
774,Albany River Rats,,,
775,Graz99ers,,,Graz99ers
776,HC Detva,,,HC Detva
777,Botkyrka HC J18,,,
778,Stony Brook Univ.,,,
779,Bratislava Capitals,,,Bratislava Capitals
780,Debreceni HK,,,Debreceni HK
781,Järna SK U16,,,Järna SK U16
782,Landon School,,,Landon School
783,HC Lev Praha,,,
784,Minnesota Wilderness,,,Minnesota Wilderness
785,Elgin Middlesex Chiefs U16 AAA,,,
786,HK Dukla Trencin,,,HK Dukla Trencin
787,HC Kometa Brno,,,HC Kometa Brno
788,Kristianstad/Osby J20,,,Kristianstad/Osby J20
789,Elmira Aviators,,,
790,MAC Újbuda,,,
791,Victoria Salmon Kings,,,
792,Minnesota Wild,,,Minnesota Wild
793,Blaine High,,,Blaine High
794,Hudiksvalls HC U16,,,Hudiksvalls HC U16
795,Greenville Road Warriors,,,
796,Nacka HK U16,,,Nacka HK U16
797,Rögle BK J20,,,Rögle BK J20
798,Avesta BK J18,,,Avesta BK J18
799,Füchse Duisburg,,,
800,Brantford Blast,,,Brantford Blast
801,Ferencvárosi TC,,,Ferencvárosi TC
802,Oakville Rangers U16 AAA,,,Oakville Rangers U16 AAA
803,Löwen Frankfurt,,,Löwen Frankfurt
804,Rio Grande Valley Killer Bees,,,
805,Vaughan Kings U16 AAA,,,Vaughan Kings U16 AAA
806,Bílí Tygři Liberec,,,
807,Kitchener Rangers,,,
808,Kaltern/Caldaro,,,Kaltern/Caldaro
809,Bridgeport Sound Tigers,,,
810,Trail Smoke Eaters,,,Trail Smoke Eaters
811,London Jr. Knights U16 AAA,,,London Jr. Knights U16 AAA
812,Honeybaked 14U AAA,,,Honeybaked 14U AAA
813,Soo Greyhounds,,,Soo Greyhounds
814,Gävle GIK,,,
815,Team Comcast 16U AAA,,,
816,HK Gomel,,,HK Gomel
817,Manchester Phoenix,,,Manchester Phoenix
818,HK Jesenice,,,HK Jesenice
819,Grenoble,,,Grenoble
820,Cobourg Cougars,,,Cobourg Cougars
821,Hamilton Bulldogs,,,Hamilton Bulldogs
822,Florida Everblades,,,
823,Martigny Red Ice,,,Martigny Red Ice
824,AaB Ishockey,,,
825,Huddinge IK J20,,,Huddinge IK J20
826,Oklahoma City Barons,,,
827,Bayreuth Tigers,,,Bayreuth Tigers
828,Iserlohn Roosters,,,Iserlohn Roosters
829,Retired,,,
830,Okotoks Oilers,,,
831,IK Oskarshamn J18,,,IK Oskarshamn J18
832,HC Stadion Vrchlabí,,,
833,Brooks Bandits,,,
834,Gherdëina,,,Gherdëina
835,Saskatoon Blades,,,
836,KH 58 Sanok,,,KH 58 Sanok
837,ZSC Lions,,,
838,Clemensnäs HC J18,,,Clemensnäs HC J18
839,Lac St-Louis Révolution,,,
840,EHC Freiburg,,,EHC Freiburg
841,Bordeaux,,,Bordeaux
842,Lawrence Academy,,,Lawrence Academy
843,Univ. of Alaska-Fairbanks,,,
844,Huddinge IK,,,
845,Chilliwack Bruins,,,
846,Youngstown Phantoms,,,
847,Binghamton Devils,,,
848,Belle Tire 16U AAA,,,
849,Univ. of Toronto,,,Univ. of Toronto
850,Frankfurt Lions,,,Frankfurt Lions
851,AIK J18,,,AIK J18
852,UMass-Lowell,,,UMass-Lowell
853,Severstal Cherepovets,,,Severstal Cherepovets
854,Anglet,,,Anglet
855,VIK Västerås HK J18,,,
856,SKLH Žďár nad Sázavou,,,
857,Washington Capitals,,,Washington Capitals
858,Manitoba Moose,,,
859,Tingsryds AIF,,,Tingsryds AIF
860,Welland Tigers U16 AAA,,,
861,HauSi,,,HauSi
862,Solihull Barons,,,Solihull Barons
863,Trenton Titans,,,
864,OHK Dynamo Moskva,,,
865,Northern Alberta U15 Prep,,,
866,Minnesota Magicians,,,Minnesota Magicians
867,Buffalo Sabres,,,Buffalo Sabres
868,Atlant Mytishchi,,,Atlant Mytishchi
869,Niagara North Stars U16 AAA,,,
870,Pursuit of Excellence U15 Prep,,,
871,Macon Mayhem,,,
872,Gwinnett Gladiators,,,
873,Timrå IK,,,Timrå IK
874,Davos U20,,,Davos U20
875,San Jose Sharks,,,San Jose Sharks
876,Luleå HF J18,,,Luleå HF J18
877,AIK J20,,,AIK J20
878,Brynäs IF J20,,,Brynäs IF J20
879,Acadie-Bathurst Titan,,,Acadie-Bathurst Titan
880,Okanagan HA White U18 Prep,,,Okanagan HA White U18 Prep
881,Wichita Thunder,,,
882,Florida Alliance 16U AAA,,,Florida Alliance 16U AAA
883,HCK,,,HCK
884,Timrå IK J18,,,Timrå IK J18
885,Langnau U20,,,Langnau U20
886,Saint-Georges-de-Beauce CRS Express,,,
887,Kils AIK,,,Kils AIK
888,HC Kobra Praha,,,HC Kobra Praha
889,HC Vrchlabí,,,
890,Minnesota State Univ. (Mankato),,,Minnesota State Univ. (Mankato)
891,HS Prizma/Pardaugava U18,,,
892,Sterzing/Vipiteno,,,Sterzing/Vipiteno
893,Texas Stars,,,
894,Daemyung Killer Whales,,,Daemyung Killer Whales
895,IF Björklöven J18,,,IF Björklöven J18
896,HC Baník Sokolov,,,
897,Adler Mannheim,,,Adler Mannheim
898,Unknown,,,
899,Toronto Jr. Canadiens U18 AAA,,,Toronto Jr. Canadiens U18 AAA
900,Rødovre Mighty Bulls,,,Rødovre Mighty Bulls
901,Univ. of Nebraska-Omaha,,,Univ. of Nebraska-Omaha
902,Vancouver Giants,,,
903,Utah Hockey Club,,,
904,Colgate Univ.,,,Colgate Univ.
905,Minot Minotauros,,,Minot Minotauros
906,Spartak Moskva,,,Spartak Moskva
907,Victoria Royals,,,
908,MODO Hockey J18,,,MODO Hockey J18
909,BK Mladá Boleslav U20,,,
910,Moose Jaw Generals U18 AAA,,,
911,Real Torino,,,Real Torino
912,Örebro HK,,,Örebro HK
913,Thayer Academy,,,Thayer Academy
914,HV71 J20,,,HV71 J20
915,HC Benátky nad Jizerou,,,
916,HC Lidköping,,,HC Lidköping
917,EHC Kloten,,,
918,Columbus Blue Jackets,,,Columbus Blue Jackets
919,Piteå HC,,,Piteå HC
920,Chicago Wolves,,,
921,HK MVD,,,
922,Sparta Sarpsborg,,,
923,Sudbury Wolves,,,Sudbury Wolves
924,Rögle BK,,,Rögle BK
925,HK Poprad U20,,,
926,Sport,,,Sport
927,Saginaw Spirit,,,
928,Rapid City Rush,,,
929,Dinamo-Molodechno,,,Dinamo-Molodechno
930,Chaux-de-Fonds U20,,,
931,HC Stadion Litoměřice,,,
932,CSKA Sofia,,,CSKA Sofia
933,York Simcoe Express U16 AAA,,,York Simcoe Express U16 AAA
934,Lakeville North High,,,Lakeville North High
935,Oakville Rangers U18 AAA,,,
936,CSKA Moskva U17,,,CSKA Moskva U17
937,Kopla,,,
938,Augsburger Panther,,,Augsburger Panther
939,Halifax Mooseheads,,,
940,Karlskrona HK J20,,,Karlskrona HK J20
941,Anaheim Ducks,,,Anaheim Ducks
942,BK Nová Paka,,,
943,Eppan/Appiano,,,Eppan/Appiano
944,Rubin Tyumen,,,Rubin Tyumen
945,Dexter Southfield School,,,Dexter Southfield School
946,TPS,,,TPS
947,Long Island Gulls 16U AAA,,,Long Island Gulls 16U AAA
948,Guildford Phoenix,,,
949,Guelph Storm,,,
950,Carolina Hurricanes,,,Carolina Hurricanes
951,New Jersey Devils,,,New Jersey Devils
952,Linköping HC,,,Linköping HC
953,EHC Basel Sharks,,,
954,Rochester Americans,,,
955,Espoo United,,,Espoo United
956,Gillette Wild,,,
957,Västerviks IK,,,Västerviks IK
958,Rosenborg,,,Rosenborg
959,Henderson Silver Knights,,,Henderson Silver Knights
960,Skövde IK,,,Skövde IK
961,HK MVD Balashikha,,,HK MVD Balashikha
962,Markham Royals,,,
963,Peterborough Petes,,,
964,Lausitzer Füchse,,,Lausitzer Füchse
965,London Raiders,,,
966,Merritt Centennials,,,Merritt Centennials
967,HV71,,,HV71
968,Northeastern Univ.,,,Northeastern Univ.
969,Fort McMurray Oil Barons,,,
970,Gatineau Olympiques,,,
971,Sherwood Park Flyers U15 AAA,,,Sherwood Park Flyers U15 AAA
972,Prince George Spruce Kings,,,Prince George Spruce Kings
973,Vienna Capitals,,,Vienna Capitals
974,Rungsted Seier Capital,,,Rungsted Seier Capital
975,Hamburg Freezers,,,Hamburg Freezers
976,HK Lipetsk,,,HK Lipetsk
977,Hibbing/Chisholm High,,,Hibbing/Chisholm High
978,HC Oceláři Třinec,,,
979,TSV Erding,,,TSV Erding
980,Orsa IK,,,
981,Färjestad BK,,,Färjestad BK
982,Neman Grodno,,,Neman Grodno
983,Kloten Flyers,,,
984,Seafair Islanders U18 A1,,,
985,Sioux Falls Stampede,,,
986,Langley Rivermen,,,
987,Nippon Paper Cranes,,,Nippon Paper Cranes
988,HC Litvínov,,,
989,Asplöven HC,,,Asplöven HC
990,Vaughan Vipers,,,
991,Motor České Budějovice,,,
992,Rungsted,,,Rungsted
993,Ludvika HF,,,Ludvika HF
994,Kärpät U20,,,Kärpät U20
995,Montréal Canadiens,,,Montréal Canadiens
996,Metallurg Magnitogorsk,,,Metallurg Magnitogorsk
997,Swindon Wildcats,,,Swindon Wildcats
998,Aalborg Pirates,,,
999,Anaheim Jr. Ducks 16U AAA,,,
1000,Univ. of Minnesota,,,Univ. of Minnesota
1001,Johnstown Tomahawks,,,Johnstown Tomahawks
1002,Bodens HF,,,Bodens HF
1003,Chicago Steel,,,Chicago Steel
1004,Black Wings 1992,,,
1005,CBHA Rangers U16 AAA,,,
1006,Los Angeles Selects HC 16U AAA,,,
1007,Linköping HC J20,,,Linköping HC J20
1008,HPK,,,HPK
1009,Traktor Chelyabinsk U17,,,Traktor Chelyabinsk U17
1010,Sokol Krasnoyarsk,,,Sokol Krasnoyarsk
1011,Kingston Frontenacs,,,
1012,HC Université Neuchâtel,,,
1013,Avtomobilist Yekaterinburg,,,Avtomobilist Yekaterinburg
1014,Alberni Valley Bulldogs,,,
1015,Corpus Christi Ice Rays,,,
1016,Djurgårdens IF J20,,,Djurgårdens IF J20
1017,D Team,,,D Team
1018,Central Ontario Wolves U16 AAA,,,Central Ontario Wolves U16 AAA
1019,Dinamo Minsk,,,Dinamo Minsk
1020,Greenville Swamp Rabbits,,,
1021,EHC Olten,,,
1022,Miami Univ. (Ohio),,,Miami Univ. (Ohio)
1023,Little Caesars 16U AAA,,,Little Caesars 16U AAA
1024,Sputnik Nizhny Tagil,,,Sputnik Nizhny Tagil
1025,Sioux City Musketeers,,,Sioux City Musketeers
1026,Penticton Vees,,,
1027,Kongsvinger,,,Kongsvinger
1028,Växjö Lakers HC J18,,,Växjö Lakers HC J18
1029,EVR Tower Stars,,,
1030,GC Küsnacht Lions,,,
1031,HK Poprad,,,HK Poprad
1032,Harvard Univ.,,,Harvard Univ.
1033,HC La Chaux-de-Fonds,,,
1034,Toronto Marlies,,,Toronto Marlies
1035,Bergen,,,Bergen
1036,Meran/Merano,,,Meran/Merano
1037,UTE,,,UTE
1038,HC Mountfield U20,,,
1039,HK Nový Jičín,,,
1040,Carleton Place Canadians,,,Carleton Place Canadians
1041,Univ. of Vermont,,,Univ. of Vermont
1042,Krasnaya Armiya Moskva,,,Krasnaya Armiya Moskva
1043,Halmstad Hammers HC,,,
1044,Zaglebie Sosnowiec,,,Zaglebie Sosnowiec
1045,Quinnipiac Univ.,,,Quinnipiac Univ.
1046,Lokomotiv Yaroslavl,,,Lokomotiv Yaroslavl
1047,Manglerud,,,Manglerud
1048,IFK Tumba,,,IFK Tumba
1049,Kalamazoo Wings,,,
1050,HK Sochi,,,HK Sochi
1051,New Hampshire Jr. Monarchs,,,New Hampshire Jr. Monarchs
1052,East Coast Wizards,,,
1053,Pelicans U20,,,
1054,Cowichan Valley Capitals U15 A1,,,
1055,Evansville Thunderbolts,,,
1056,Humo Tashkent,,,Humo Tashkent
1057,Columbus River Dragons,,,Columbus River Dragons
1058,Kloten U20,,,Kloten U20
1059,Compuware 16U AAA,,,Compuware 16U AAA
1060,IF Troja-Ljungby,,,IF Troja-Ljungby
1061,Coventry Blaze,,,Coventry Blaze
1062,Södertälje SK,,,Södertälje SK
1063,Jacksonville IceMen,,,Jacksonville IceMen
1064,Terrebonne Cobras,,,
1065,Owen Sound Attack,,,
1066,Grizzly Adams Wolfsburg,,,
1067,Binghamton Senators,,,
1068,Milano Rossoblu,,,
1069,North Iowa Bulls,,,
1070,EHC Visp,,,
1071,Val-d'Or Foreurs,,,
1072,Fargo Force,,,
1073,Kiekko-Laser,,,
1074,Lausanne HC,,,
1075,Univ. of North Dakota,,,Univ. of North Dakota
1076,Glasgow Clan,,,Glasgow Clan
1077,Toronto Maple Leafs,,,Toronto Maple Leafs
1078,Andover High,,,Andover High
1079,Hammarö HC J18,,,Hammarö HC J18
1080,Tilburg Trappers,,,Tilburg Trappers
1081,STS Sanok,,,STS Sanok
1082,Chicago Mission 16U AAA,,,Chicago Mission 16U AAA
1083,HK VMF St. Petersburg,,,
1084,Bemidji State Univ.,,,Bemidji State Univ.
1085,KalPa U20,,,KalPa U20
1086,Colorado College,,,Colorado College
1087,Stony Plain Eagles,,,Stony Plain Eagles
1088,Huddinge IK J18,,,Huddinge IK J18
1089,Lillehammer,,,Lillehammer
1090,HIFK,,,HIFK
1091,St. Cloud State Univ.,,,St. Cloud State Univ.
1092,Utica Comets,,,
1093,Jonquière Marquis,,,Jonquière Marquis
1094,Lakeville South High,,,Lakeville South High
1095,Lethbridge Golden Hawks U15 AAA,,,Lethbridge Golden Hawks U15 AAA
1096,Stockton Thunder,,,
1097,RoKi,,,
1098,ERV Schweinfurt,,,
1099,Halmstad HF,,,
1100,Rosetown Red Wings,,,Rosetown Red Wings
1101,TUTO Hockey,,,TUTO Hockey
1102,Titan Klin,,,Titan Klin
1103,St. Michael's College,,,
1104,PaKa,,,PaKa
1105,HC Slavia Praha,,,HC Slavia Praha
1106,Jukurit,,,Jukurit
1107,Barys Nur-Sultan,,,Barys Nur-Sultan
1108,Los Angeles Kings,,,Los Angeles Kings
1109,Kelowna Rockets,,,
1110,HC Bolzano,,,HC Bolzano
1111,TSV Trostberg,,,TSV Trostberg
1112,Yermak Angarsk,,,Yermak Angarsk
1113,CIHA White U18 AAA,,,CIHA White U18 AAA
1114,St. Michael's Buzzers,,,
1115,Rostock Piranhas,,,
1116,Red Ice HC,,,
1117,Selects Academy 18U AAA,,,Selects Academy 18U AAA
1118,Bern U17,,,Bern U17
1119,Lake Forest Academy,,,
1120,KH Sanok,,,
1121,BIK Karlskoga,,,BIK Karlskoga
1122,Nybro Vikings IF,,,
1123,Mississauga Steelheads,,,
1124,Colorado Eagles,,,Colorado Eagles
1125,Metallurg Novokuznetsk,,,Metallurg Novokuznetsk
1126,Admiral Vladivostok,,,Admiral Vladivostok
1127,Arystan Temirtau,,,Arystan Temirtau
1128,HSC Csíkszereda,,,
1129,Honeybaked 18U AAA,,,Honeybaked 18U AAA
1130,Newmarket Hurricanes,,,
1131,Belleville Senators,,,Belleville Senators
1132,Skåre BK,,,Skåre BK
1133,Ontario Reign,,,
1134,Mighty Dogs Schweinfurt,,,
1135,Culver Military Academy Prep,,,Culver Military Academy Prep
1136,HK Brest,,,HK Brest
1137,HC Ajoie,,,
1138,Lake Superior State Univ.,,,Lake Superior State Univ.
1139,Arizona State Univ.,,,Arizona State Univ.
1140,Iserlohner EC U19,,,Iserlohner EC U19
1141,St. John's IceCaps,,,
1142,Norrtälje IK,,,
1143,Brother Rice High,,,
1144,HIFK U20,,,HIFK U20
1145,Torpedo Nizhny Novgorod,,,Torpedo Nizhny Novgorod
1146,Univ. of Minnesota-Duluth,,,Univ. of Minnesota-Duluth
1147,Vancouver NW Giants U18 AAA,,,
1148,SSAC Lions U15 AAA,,,SSAC Lions U15 AAA
1149,Boston Jr. Bandits,,,
1150,Hawkesbury Hawks,,,Hawkesbury Hawks
1151,HC Plzeň,,,
1152,Cornell Univ.,,,Cornell Univ.
1153,Univ. of Connecticut,,,Univ. of Connecticut
1154,HC Dynamo Pardubice,,,HC Dynamo Pardubice
1155,Dunaújvárosi Acélbikák,,,Dunaújvárosi Acélbikák
1156,Saskatoon Generals U15 AA,,,Saskatoon Generals U15 AA
1157,Abbotsford Heat,,,
1158,Clarkson Univ.,,,Clarkson Univ.
1159,Cergy-Pontoise,,,Cergy-Pontoise
1160,ESV Kaufbeuren,,,ESV Kaufbeuren
1161,Cambridge Redhawks,,,Cambridge Redhawks
1162,Crocodiles Hamburg,,,Crocodiles Hamburg
1163,London Knights,,,London Knights
1164,GKS Katowice,,,GKS Katowice
1165,HC Poruba 2011,,,HC Poruba 2011
1166,Maine Mariners,,,Maine Mariners
1167,Toronto Titans U16 AAA,,,Toronto Titans U16 AAA
1168,HK 36 Skalica,,,
1169,HC Orlová,,,
1170,Orli Znojmo,,,Orli Znojmo
1171,Calgary Bisons U15 AAA,,,Calgary Bisons U15 AAA
1172,Leksands IF,,,Leksands IF
1173,Fife Flyers,,,Fife Flyers
1174,Barrie Colts,,,
1175,Portland Winterhawks,,,
1176,HC Vítkovice,,,
1177,ECDC Memmingen,,,ECDC Memmingen
1178,EC Dornbirn,,,
1179,HC Frýdek-Místek,,,
1180,Hershey Bears,,,
1181,Univ. of Western Ontario,,,
1182,HC Saint-Imier-Sonceboz,,,
1183,Courchevel-Méribel-Pralognan,,,Courchevel-Méribel-Pralognan
1184,Fehérvár AV19,,,Fehérvár AV19
1185,Mid Fairfield Rangers 14U AAA,,,Mid Fairfield Rangers 14U AAA
1186,Almtuna IS U16,,,Almtuna IS U16
1187,Bonnyville Senior Pontiacs,,,Bonnyville Senior Pontiacs
1188,Steinbach Pistons,,,
1189,Milestone Flyers,,,Milestone Flyers
1190,Toronto Marlboros U16 AAA,,,Toronto Marlboros U16 AAA
1191,Nanaimo Clippers U15 A1,,,
1192,Blue Devils Weiden,,,
1193,South Shore Kings,,,South Shore Kings
1194,China Dragon,,,China Dragon
1195,Milwaukee Admirals,,,
1196,Green Bay Gamblers,,,
1197,Sherwood Park Squires U16 AAA,,,Sherwood Park Squires U16 AAA
1198,Las Vegas Wranglers,,,
1199,Houston Aeros,,,Houston Aeros
1200,Rouyn-Noranda Huskies,,,Rouyn-Noranda Huskies
1201,Lindenwood Univ.,,,
1202,Connecticut Whale,,,
1203,Avangard Omsk,,,Avangard Omsk
1204,Idaho Steelheads,,,
1205,Newcastle Vipers,,,Newcastle Vipers
1206,Indiana Ice,,,
1207,Mississauga St. Michael's Majors,,,
1208,HC Thurgau,,,
1209,VIK Västerås HK J20,,,
1210,Ritten/Renon,,,Ritten/Renon
1211,HC AZ Havířov 2010,,,
1212,HDD Jesenice,,,HDD Jesenice
1213,Shattuck St. Mary's 16U AAA,,,Shattuck St. Mary's 16U AAA
1214,Missouri Mavericks,,,
1215,SUNY-Oswego,,,
1216,LAIK HK,,,LAIK HK
1217,Stjernen Hockey,,,
1218,Jokerit U20,,,Jokerit U20
1219,Färjestad BK J18,,,Färjestad BK J18
1220,EHC Biel-Bienne,,,
